{
  "properties": {
    "connectionReferences": {
      "shared_microsoftforms": {
        "runtimeSource": "embedded",
        "connection": {},
        "api": {
          "name": "shared_microsoftforms"
        }
      },
      "shared_sharepointonline": {
        "runtimeSource": "embedded",
        "connection": {},
        "api": {
          "name": "shared_sharepointonline"
        }
      },
      "shared_gmail": {
        "runtimeSource": "embedded",
        "connection": {},
        "api": {
          "name": "shared_gmail"
        }
      }
    },
    "definition": {
      "$schema": "https://schema.management.azure.com/providers/Microsoft.Logic/schemas/2016-06-01/workflowdefinition.json#",
      "contentVersion": "1.0.0.0",
      "parameters": {
        "$connections": {
          "defaultValue": {},
          "type": "Object"
        },
        "$authentication": {
          "defaultValue": {},
          "type": "SecureObject"
        }
      },
      "triggers": {
        "When_a_new_response_is_submitted": {
          "splitOn": "@triggerOutputs()?['body/value']",
          "metadata": {
            "operationMetadataId": "29a170e3-ac08-4940-9bed-8f7a2d3c1951"
          },
          "type": "OpenApiConnectionWebhook",
          "inputs": {
            "host": {
              "apiId": "/providers/Microsoft.PowerApps/apis/shared_microsoftforms",
              "connectionName": "shared_microsoftforms",
              "operationId": "CreateFormWebhook"
            },
            "parameters": {
              "form_id": "O28krU6YE0KHgMusP_wuRqa6NbFwb1FFvS70dvGftpBUN1RZWDgxRUYxRDhFOE9PUkIzV1NCNEo1Ri4u"
            },
            "authentication": "@parameters('$authentication')"
          }
        }
      },
      "actions": {
        "Get_response_details": {
          "runAfter": {},
          "metadata": {
            "operationMetadataId": "1182c221-de1c-4969-9058-96b8090891f2"
          },
          "type": "OpenApiConnection",
          "inputs": {
            "host": {
              "apiId": "/providers/Microsoft.PowerApps/apis/shared_microsoftforms",
              "connectionName": "shared_microsoftforms",
              "operationId": "GetFormResponseById"
            },
            "parameters": {
              "form_id": "O28krU6YE0KHgMusP_wuRqa6NbFwb1FFvS70dvGftpBUN1RZWDgxRUYxRDhFOE9PUkIzV1NCNEo1Ri4u",
              "response_id": "@triggerOutputs()?['body/resourceData/responseId']"
            },
            "authentication": "@parameters('$authentication')"
          }
        },
        "Get_items": {
          "runAfter": {
            "Get_response_details": [
              "Succeeded"
            ]
          },
          "metadata": {
            "operationMetadataId": "22d0fd17-8f3c-45e6-b294-647619472453"
          },
          "type": "OpenApiConnection",
          "inputs": {
            "host": {
              "apiId": "/providers/Microsoft.PowerApps/apis/shared_sharepointonline",
              "connectionName": "shared_sharepointonline",
              "operationId": "GetItems"
            },
            "parameters": {
              "dataset": "https://rizviimi.sharepoint.com/sites/HR",
              "table": "bfc84840-4521-4358-b66f-bad5cd608055",
              "$filter": "Mail eq '@{outputs('Get_response_details')?['body/responder']}'"
            },
            "authentication": "@parameters('$authentication')"
          }
        },
        "Update_item": {
          "runAfter": {
            "Get_items": [
              "Succeeded"
            ]
          },
          "metadata": {
            "operationMetadataId": "3f4bdbd3-b7f2-4659-b7cc-2a3d93a27291"
          },
          "type": "OpenApiConnection",
          "inputs": {
            "host": {
              "apiId": "/providers/Microsoft.PowerApps/apis/shared_sharepointonline",
              "connectionName": "shared_sharepointonline",
              "operationId": "PatchItem"
            },
            "parameters": {
              "dataset": "https://rizviimi.sharepoint.com/sites/HR",
              "table": "bfc84840-4521-4358-b66f-bad5cd608055",
              "id": "@first(outputs('Get_items')?['body/value'])?['ID']",
              "item/Title": "@first(outputs('Get_items')?['body/value'])?['Title']",
              "item/DateofAvailability": "@outputs('Get_response_details')?['body/rb6d04d63cf86466e9339f294e4efcb56']",
              "item/Time": "@outputs('Get_response_details')?['body/r3cde7a359ece40a7816bf0ee4a56909c']"
            },
            "authentication": "@parameters('$authentication')"
          }
        },
        "Send_email_(V2)__-_Notify_VNA_Interviewer": {
          "runAfter": {
            "Update_item": [
              "Succeeded"
            ]
          },
          "metadata": {
            "operationMetadataId": "b228d8d2-bde0-49f7-b2a6-e21262e1491b"
          },
          "type": "OpenApiConnection",
          "inputs": {
            "host": {
              "apiId": "/providers/Microsoft.PowerApps/apis/shared_gmail",
              "connectionName": "shared_gmail",
              "operationId": "SendEmailV2"
            },
            "parameters": {
              "emailMessage/To": "rehanm@eng.rizvi.edu.in",
              "emailMessage/Subject": "Avialability of Candidate has been Received",
              "emailMessage/Body": "<p>Name &nbsp;: @{outputs('Update_item')?['body/Title']}<br>\nDate : @{outputs('Update_item')?['body/DateofAvailability']}<br>\nTime : @{outputs('Update_item')?['body/Time']}</p>"
            },
            "authentication": "@parameters('$authentication')"
          }
        }
      }
    }
  },
  "schemaVersion": "1.0.0.0"
}