{
  "properties": {
    "connectionReferences": {
      "shared_microsoftforms": {
        "runtimeSource": "embedded",
        "connection": {},
        "api": {
          "name": "shared_microsoftforms"
        }
      },
      "shared_gmail": {
        "runtimeSource": "embedded",
        "connection": {},
        "api": {
          "name": "shared_gmail"
        }
      },
      "shared_approvals": {
        "runtimeSource": "embedded",
        "connection": {},
        "api": {
          "name": "shared_approvals"
        }
      },
      "shared_sharepointonline": {
        "runtimeSource": "embedded",
        "connection": {},
        "api": {
          "name": "shared_sharepointonline"
        }
      }
    },
    "definition": {
      "$schema": "https://schema.management.azure.com/providers/Microsoft.Logic/schemas/2016-06-01/workflowdefinition.json#",
      "contentVersion": "1.0.0.0",
      "parameters": {
        "$connections": {
          "defaultValue": {},
          "type": "Object"
        },
        "$authentication": {
          "defaultValue": {},
          "type": "SecureObject"
        }
      },
      "triggers": {
        "When_a_new_response_is_submitted": {
          "splitOn": "@triggerOutputs()?['body/value']",
          "metadata": {
            "operationMetadataId": "5f196263-3827-41d6-9688-a495c186f826"
          },
          "type": "OpenApiConnectionWebhook",
          "inputs": {
            "host": {
              "apiId": "/providers/Microsoft.PowerApps/apis/shared_microsoftforms",
              "connectionName": "shared_microsoftforms",
              "operationId": "CreateFormWebhook"
            },
            "parameters": {
              "form_id": "O28krU6YE0KHgMusP_wuRqa6NbFwb1FFvS70dvGftpBURDEyQUJPUTdWVkdMSDdLWUJFVUVTRFJKOS4u"
            },
            "authentication": "@parameters('$authentication')"
          }
        }
      },
      "actions": {
        "Get_response_details": {
          "runAfter": {},
          "metadata": {
            "operationMetadataId": "4cb6b88e-5361-4a0a-a7c9-d71f94d9e4b0"
          },
          "type": "OpenApiConnection",
          "inputs": {
            "host": {
              "apiId": "/providers/Microsoft.PowerApps/apis/shared_microsoftforms",
              "connectionName": "shared_microsoftforms",
              "operationId": "GetFormResponseById"
            },
            "parameters": {
              "form_id": "O28krU6YE0KHgMusP_wuRqa6NbFwb1FFvS70dvGftpBURDEyQUJPUTdWVkdMSDdLWUJFVUVTRFJKOS4u",
              "response_id": "@triggerOutputs()?['body/resourceData/responseId']"
            },
            "authentication": "@parameters('$authentication')"
          }
        },
        "Send_email_(V2)": {
          "runAfter": {
            "Get_response_details": [
              "Succeeded"
            ]
          },
          "metadata": {
            "operationMetadataId": "690651b0-1197-4252-8820-caa05b50e8c7"
          },
          "type": "OpenApiConnection",
          "inputs": {
            "host": {
              "apiId": "/providers/Microsoft.PowerApps/apis/shared_gmail",
              "connectionName": "shared_gmail",
              "operationId": "SendEmailV2"
            },
            "parameters": {
              "emailMessage/To": "rehanm@eng.rizvi.edu.in",
              "emailMessage/Subject": "Notify Recruiter about Response Submitted",
              "emailMessage/Body": "<p>Candidate Details<br>\n<br>\nName : @{outputs('Get_response_details')?['body/reaf0767d5a854368bede56e04451ba93']}<br>\nMobile: @{outputs('Get_response_details')?['body/r263932eec7354a028bb1a26228b41186']}<br>\nEmail: @{outputs('Get_response_details')?['body/r89cb34293e514959997d3f2dd4c035fe']}<br>\nLast Company Name: @{outputs('Get_response_details')?['body/r713d1bf0a59940de9acbd39346026fd7']}<br>\nLast company joining month &amp; year only : @{outputs('Get_response_details')?['body/r3eae9c5d1b2c48c79a0a0f032d342dd7']}<br>\nLast company LWD month &amp; year only : @{outputs('Get_response_details')?['body/r07572286ef064bb39f1e9c9499835c7d']}<br>\nExp in : @{outputs('Get_response_details')?['body/r56e823fdee014bd48a60a668041ce7fb']}<br>\nTravel / Non Travel: @{outputs('Get_response_details')?['body/rfaf2240f23da4daf9e9f5198a0ea78de']}<br>\nIn Case travel then GDS / Non GDS: @{outputs('Get_response_details')?['body/r928bb774f2804646a3aeca9cca010407']}<br>\nReason for leaving:@{outputs('Get_response_details')?['body/r0981c1450c3e4d9eaccd2827f1095cd1']}</p>"
            },
            "authentication": "@parameters('$authentication')"
          }
        },
        "Start_and_wait_for_an_approval": {
          "runAfter": {
            "Terminate": [
              "Succeeded"
            ]
          },
          "metadata": {
            "operationMetadataId": "4d22f1ea-1507-4d5e-b741-5056f1111621"
          },
          "type": "OpenApiConnectionWebhook",
          "inputs": {
            "host": {
              "apiId": "/providers/Microsoft.PowerApps/apis/shared_approvals",
              "connectionName": "shared_approvals",
              "operationId": "StartAndWaitForAnApproval"
            },
            "parameters": {
              "approvalType": "Basic",
              "WebhookApprovalCreationInput/title": "Recruiter will review profile & if it is ok then will align for VNA Interveiw",
              "WebhookApprovalCreationInput/assignedTo": "rehanm@eng.rizvi.edu.in;",
              "WebhookApprovalCreationInput/details": "Candidate Details\n\nName : @{outputs('Get_response_details')?['body/reaf0767d5a854368bede56e04451ba93']}\nMobile: @{outputs('Get_response_details')?['body/r263932eec7354a028bb1a26228b41186']}\nEmail: @{outputs('Get_response_details')?['body/r89cb34293e514959997d3f2dd4c035fe']}\nLast Company Name: @{outputs('Get_response_details')?['body/r713d1bf0a59940de9acbd39346026fd7']}\nLast company joining month & year only : @{outputs('Get_response_details')?['body/r3eae9c5d1b2c48c79a0a0f032d342dd7']}\nLast company LWD month & year only : @{outputs('Get_response_details')?['body/r07572286ef064bb39f1e9c9499835c7d']}\nExp in : @{outputs('Get_response_details')?['body/r56e823fdee014bd48a60a668041ce7fb']}\nTravel / Non Travel: @{outputs('Get_response_details')?['body/rfaf2240f23da4daf9e9f5198a0ea78de']}\nIn Case travel then GDS / Non GDS: @{outputs('Get_response_details')?['body/r928bb774f2804646a3aeca9cca010407']}\nReason for leaving:@{outputs('Get_response_details')?['body/r0981c1450c3e4d9eaccd2827f1095cd1']}",
              "WebhookApprovalCreationInput/enableNotifications": true,
              "WebhookApprovalCreationInput/enableReassignment": true
            },
            "authentication": "@parameters('$authentication')"
          }
        },
        "Create_item": {
          "runAfter": {
            "Send_email_(V2)": [
              "Succeeded"
            ]
          },
          "metadata": {
            "operationMetadataId": "88b0ef38-abc1-49ba-9e1e-da9c83da8dc9"
          },
          "type": "OpenApiConnection",
          "inputs": {
            "host": {
              "apiId": "/providers/Microsoft.PowerApps/apis/shared_sharepointonline",
              "connectionName": "shared_sharepointonline",
              "operationId": "PostItem"
            },
            "parameters": {
              "dataset": "https://rizviimi.sharepoint.com/sites/HR",
              "table": "bfc84840-4521-4358-b66f-bad5cd608055",
              "item/Title": "@outputs('Get_response_details')?['body/reaf0767d5a854368bede56e04451ba93']",
              "item/Mobile": "@outputs('Get_response_details')?['body/r263932eec7354a028bb1a26228b41186']",
              "item/Mail": "@outputs('Get_response_details')?['body/r89cb34293e514959997d3f2dd4c035fe']",
              "item/LastCompanyName": "@outputs('Get_response_details')?['body/r713d1bf0a59940de9acbd39346026fd7']",
              "item/Lastcompanyjoiningmonthyearonly": "@outputs('Get_response_details')?['body/r3eae9c5d1b2c48c79a0a0f032d342dd7']",
              "item/LastcompanyLWDmonthyearonly": "@outputs('Get_response_details')?['body/r07572286ef064bb39f1e9c9499835c7d']",
              "item/Expin/Value": "@outputs('Get_response_details')?['body/r56e823fdee014bd48a60a668041ce7fb']",
              "item/Travel_x002f_NonTravel/Value": "@outputs('Get_response_details')?['body/rfaf2240f23da4daf9e9f5198a0ea78de']",
              "item/InCasetravelthenGDS_x002f_NonGDS/Value": "@outputs('Get_response_details')?['body/r928bb774f2804646a3aeca9cca010407']",
              "item/ReasonforLeaving": "@outputs('Get_response_details')?['body/r0981c1450c3e4d9eaccd2827f1095cd1']"
            },
            "authentication": "@parameters('$authentication')"
          }
        },
        "Terminate": {
          "runAfter": {
            "Create_item": [
              "Succeeded"
            ]
          },
          "metadata": {
            "operationMetadataId": "1c845291-1873-491f-95bd-b1c385a81039"
          },
          "type": "Terminate",
          "inputs": {
            "runStatus": "Succeeded"
          }
        }
      }
    }
  },
  "schemaVersion": "1.0.0.0"
}