<ImportExportXml xmlns:xsi="http://www.w3.org/2001/XMLSchema-instance">
  <Entities></Entities>
  <Roles></Roles>
  <Workflows>
    <Workflow WorkflowId="{8780d901-06d9-ec11-a7b6-000d3af06d41}" Name="Availabilty">
      <JsonFileName>/Workflows/Availabilty-8780D901-06D9-EC11-A7B6-000D3AF06D41.json</JsonFileName>
      <Type>1</Type>
      <Subprocess>0</Subprocess>
      <Category>5</Category>
      <Mode>0</Mode>
      <Scope>4</Scope>
      <OnDemand>0</OnDemand>
      <TriggerOnCreate>0</TriggerOnCreate>
      <TriggerOnDelete>0</TriggerOnDelete>
      <AsyncAutodelete>0</AsyncAutodelete>
      <SyncWorkflowLogOnFailure>0</SyncWorkflowLogOnFailure>
      <StateCode>1</StateCode>
      <StatusCode>2</StatusCode>
      <RunAs>1</RunAs>
      <IsTransacted>1</IsTransacted>
      <IntroducedVersion>1.0.0.0</IntroducedVersion>
      <IsCustomizable>1</IsCustomizable>
      <BusinessProcessType>0</BusinessProcessType>
      <IsCustomProcessingStepAllowedForOtherPublishers>1</IsCustomProcessingStepAllowedForOtherPublishers>
      <PrimaryEntity>none</PrimaryEntity>
      <LocalizedNames>
        <LocalizedName languagecode="1033" description="Availabilty" />
      </LocalizedNames>
    </Workflow>
    <Workflow WorkflowId="{8880d901-06d9-ec11-a7b6-000d3af06d41}" Name="HR Form - Assignment">
      <JsonFileName>/Workflows/HRForm-Assignment-8880D901-06D9-EC11-A7B6-000D3AF06D41.json</JsonFileName>
      <Type>1</Type>
      <Subprocess>0</Subprocess>
      <Category>5</Category>
      <Mode>0</Mode>
      <Scope>4</Scope>
      <OnDemand>0</OnDemand>
      <TriggerOnCreate>0</TriggerOnCreate>
      <TriggerOnDelete>0</TriggerOnDelete>
      <AsyncAutodelete>0</AsyncAutodelete>
      <SyncWorkflowLogOnFailure>0</SyncWorkflowLogOnFailure>
      <StateCode>1</StateCode>
      <StatusCode>2</StatusCode>
      <RunAs>1</RunAs>
      <IsTransacted>1</IsTransacted>
      <IntroducedVersion>1.0.0.0</IntroducedVersion>
      <IsCustomizable>1</IsCustomizable>
      <BusinessProcessType>0</BusinessProcessType>
      <IsCustomProcessingStepAllowedForOtherPublishers>1</IsCustomProcessingStepAllowedForOtherPublishers>
      <PrimaryEntity>none</PrimaryEntity>
      <LocalizedNames>
        <LocalizedName languagecode="1033" description="HR Form - Assignment" />
      </LocalizedNames>
    </Workflow>
  </Workflows>
  <FieldSecurityProfiles></FieldSecurityProfiles>
  <Templates />
  <EntityMaps />
  <EntityRelationships />
  <OrganizationSettings />
  <optionsets />
  <CustomControls />
  <EntityDataProviders />
  <CanvasApps>
    <CanvasApp>
      <Name>hr_hr_d98bb</Name>
      <AppVersion>2022-05-21T12:49:20Z</AppVersion>
      <Status>Ready</Status>
      <CreatedByClientVersion>3.22052.25.0</CreatedByClientVersion>
      <MinClientVersion>3.22052.25.0</MinClientVersion>
      <Tags>{"primaryDeviceWidth":"1366","primaryDeviceHeight":"768","supportsPortrait":"true","supportsLandscape":"true","primaryFormFactor":"Tablet","publisherVersion":"3.22052.25","minimumRequiredApiVersion":"2.2.0","hasComponent":"false","hasUnlockedComponent":"false","isUnifiedRootApp":"false","sienaVersion":"20220521T124920Z-3.22052.25.0"}</Tags>
      <IsCdsUpgraded>0</IsCdsUpgraded>
      <GalleryItemId xsi:nil="true"></GalleryItemId>
      <BackgroundColor>RGBA(0,176,240,1)</BackgroundColor>
      <DisplayName>HR</DisplayName>
      <Description xsi:nil="true"></Description>
      <CommitMessage xsi:nil="true"></CommitMessage>
      <Publisher xsi:nil="true"></Publisher>
      <AuthorizationReferences>[]</AuthorizationReferences>
      <ConnectionReferences>{"4865c17a-4b94-4aa4-98a0-9c4242410831":{"id":"/providers/microsoft.powerapps/apis/shared_excelonlinebusiness","displayName":"Excel Online (Business)","iconUri":"https://connectoricons-prod.azureedge.net/releases/v1.0.1579/1.0.1579.2824/excelonlinebusiness/icon.png","dataSources":["Table1"],"dependencies":[],"dependents":[],"parameterHints":{},"parameterHintsV2":{},"isOnPremiseConnection":false,"bypassConsent":false,"dataSets":{"groups%252F32f1ff70-7ca1-4285-a9b3-4170422f7fef,b%2521oT8mf4rufEeVMWDl-k2B5So6rwIeaypHnFaAlb1-gfUIcLkYSxsZT4CQwKTnrsFl,01APV4IHNWEYB3RHSRKBB2DLNJ3H5JDTJD":{"dataSources":{"Table1":{"tableName":"{00000000-000C-0000-FFFF-FFFF00000000}"}}}},"apiTier":"Standard","actions":["providers/PowerPlatform.Governance/Operations/Read"]},"a059caa2-8180-4c43-9cd6-1001f129e385":{"id":"/providers/microsoft.powerapps/apis/shared_sharepointonline","displayName":"SharePoint","iconUri":"https://connectoricons-prod.azureedge.net/releases/v1.0.1568/1.0.1568.2757/sharepointonline/icon.png","dataSources":["HR Form - Assignment"],"dependencies":[],"dependents":["1369918a-8a47-4314-91b2-b79d9c656874","c965b503-93b8-4bba-8a6a-a33fb731e27d"],"parameterHints":{},"parameterHintsV2":{},"isOnPremiseConnection":false,"bypassConsent":false,"dataSets":{"https://rizviimi.sharepoint.com/sites/HR":{"dataSources":{"HR Form - Assignment":{"tableName":"bfc84840-4521-4358-b66f-bad5cd608055"}}}},"apiTier":"Standard","actions":["providers/PowerPlatform.Governance/Operations/Read","providers/PowerPlatform.Governance/Operations/Write"]},"1369918a-8a47-4314-91b2-b79d9c656874":{"id":"/providers/microsoft.powerapps/apis/shared_logicflows","displayName":"Logic flows","iconUri":"https://connectoricons-prod.azureedge.net/releases/v1.0.1534/1.0.1534.2605/logicflows/icon.png","dataSources":["VNAAlignandAhead"],"dependencies":["20b34949-40fd-41ab-9852-a62e1c40b9de","a059caa2-8180-4c43-9cd6-1001f129e385"],"dependents":[],"parameterHints":{"workflowName":{"value":"0f9c08a3-de95-4d53-9e90-3a377b347639"},"workflowEntityId":{},"20b34949-40fd-41ab-9852-a62e1c40b9de":{"value":"shared_gmail"},"a059caa2-8180-4c43-9cd6-1001f129e385":{"value":"shared_sharepointonline"}},"parameterHintsV2":{"workflowName":{"value":"0f9c08a3-de95-4d53-9e90-3a377b347639"},"workflowEntityId":{},"shared_gmail":{"value":"20b34949-40fd-41ab-9852-a62e1c40b9de"},"shared_sharepointonline":{"value":"a059caa2-8180-4c43-9cd6-1001f129e385"}},"isOnPremiseConnection":false,"bypassConsent":false,"dataSets":{},"apiTier":"Standard","actions":["Run"]},"20b34949-40fd-41ab-9852-a62e1c40b9de":{"id":"/providers/microsoft.powerapps/apis/shared_gmail","displayName":"Gmail","iconUri":"https://connectoricons-prod.azureedge.net/releases/v1.0.1571/1.0.1571.2770/gmail/icon.png","dataSources":[],"dependencies":[],"dependents":["1369918a-8a47-4314-91b2-b79d9c656874","c965b503-93b8-4bba-8a6a-a33fb731e27d"],"parameterHints":{},"parameterHintsV2":{},"isOnPremiseConnection":false,"bypassConsent":false,"dataSets":{},"apiTier":"Standard","authenticationType":"shared-application"},"c965b503-93b8-4bba-8a6a-a33fb731e27d":{"id":"/providers/microsoft.powerapps/apis/shared_logicflows","displayName":"Logic flows","iconUri":"https://connectoricons-prod.azureedge.net/releases/v1.0.1534/1.0.1534.2605/logicflows/icon.png","dataSources":["VNAInterview"],"dependencies":["a059caa2-8180-4c43-9cd6-1001f129e385","20b34949-40fd-41ab-9852-a62e1c40b9de"],"dependents":[],"parameterHints":{"workflowName":{"value":"6793774d-a6aa-490b-9ade-b09797077259"},"workflowEntityId":{},"a059caa2-8180-4c43-9cd6-1001f129e385":{"value":"shared_sharepointonline"},"20b34949-40fd-41ab-9852-a62e1c40b9de":{"value":"shared_gmail"}},"parameterHintsV2":{"workflowName":{"value":"6793774d-a6aa-490b-9ade-b09797077259"},"workflowEntityId":{},"shared_sharepointonline":{"value":"a059caa2-8180-4c43-9cd6-1001f129e385"},"shared_gmail":{"value":"20b34949-40fd-41ab-9852-a62e1c40b9de"}},"isOnPremiseConnection":false,"bypassConsent":false,"dataSets":{},"apiTier":"Standard","actions":["Run"]}}</ConnectionReferences>
      <DatabaseReferences>{}</DatabaseReferences>
      <AppComponents>[]</AppComponents>
      <AppComponentDependencies>[]</AppComponentDependencies>
      <CanConsumeAppPass>1</CanConsumeAppPass>
      <CanvasAppType>0</CanvasAppType>
      <BypassConsent>0</BypassConsent>
      <AdminControlBypassConsent>0</AdminControlBypassConsent>
      <EmbeddedApp xsi:nil="true"></EmbeddedApp>
      <IntroducedVersion>1.0</IntroducedVersion>
      <CdsDependencies>{"cdsdependencies":[]}</CdsDependencies>
      <IsCustomizable>1</IsCustomizable>
      <BackgroundImageUri>/CanvasApps/hr_hr_d98bb_BackgroundImageUri</BackgroundImageUri>
      <DocumentUri>/CanvasApps/hr_hr_d98bb_DocumentUri.msapp</DocumentUri>
    </CanvasApp>
  </CanvasApps>
  <Languages>
    <Language>1033</Language>
  </Languages>
</ImportExportXml>